Designator,Mid X,Mid Y,Layer,Rotation
D1,116.200000mm,-130.750000mm,Top,-90.000000
D2,133.199999mm,-130.750000mm,Top,-90.000000
D3,150.200000mm,-130.750000mm,Top,-90.000000
D4,116.200000mm,-140.250000mm,Top,-90.000000
D5,133.199999mm,-140.250000mm,Top,-90.000000
D6,150.200000mm,-140.250000mm,Top,-90.000000
D7,116.200000mm,-149.750000mm,Top,-90.000000
D8,133.199999mm,-149.750000mm,Top,-90.000000
D9,150.200000mm,-149.750000mm,Top,-90.000000
D10,116.200000mm,-159.250000mm,Top,-90.000000
D11,133.199999mm,-159.250000mm,Top,-90.000000
D12,150.200000mm,-159.250000mm,Top,-90.000000
D13,116.200000mm,-111.000000mm,Top,-90.000000
D14,150.200000mm,-111.000000mm,Top,-90.000000
D15,116.200000mm,-121.000000mm,Top,-90.000000
D16,150.200000mm,-121.000000mm,Top,-90.000000
D17,122.800000mm,-109.000000mm,Top,-90.000000
D18,133.199999mm,-123.000000mm,Top,-90.000000
D19,116.600000mm,-116.000000mm,Top,90.000000
D20,139.400000mm,-116.000000mm,Top,90.000000
D21,133.199999mm,-109.000000mm,Top,-90.000000
LED1,119.500000mm,-132.050000mm,Top,0.000000
LED2,119.500000mm,-141.550000mm,Top,0.000000
LED3,119.500000mm,-151.050000mm,Top,0.000000
LED4,119.500000mm,-160.550000mm,Top,0.000000
LED5,136.500000mm,-132.050000mm,Top,0.000000
LED6,136.500000mm,-141.550000mm,Top,0.000000
LED7,136.500000mm,-151.050000mm,Top,0.000000
LED8,136.500000mm,-160.550000mm,Top,0.000000
Q1,119.000000mm,-125.600000mm,Top,0.000000
R1,119.500000mm,-129.449999mm,Top,0.000000
R2,119.500000mm,-138.950000mm,Top,0.000000
R3,119.500000mm,-148.450000mm,Top,0.000000
R4,119.500000mm,-157.950000mm,Top,0.000000
R5,136.500000mm,-129.449999mm,Top,0.000000
R6,136.500000mm,-138.950000mm,Top,0.000000
R7,136.500000mm,-148.450000mm,Top,0.000000
R8,136.500000mm,-157.950000mm,Top,0.000000
R9,123.100000mm,-126.600000mm,Top,0.000000
SW1,111.000000mm,-130.750000mm,Top,0.000000
SW2,128.000000mm,-130.750000mm,Top,0.000000
SW3,145.000000mm,-130.750000mm,Top,0.000000
SW4,111.000000mm,-140.250000mm,Top,0.000000
SW5,128.000000mm,-140.250000mm,Top,0.000000
SW6,145.000000mm,-140.250000mm,Top,0.000000
SW7,111.000000mm,-149.750000mm,Top,0.000000
SW8,128.000000mm,-149.750000mm,Top,0.000000
SW9,145.000000mm,-149.750000mm,Top,0.000000
SW10,111.000000mm,-159.250000mm,Top,0.000000
SW11,128.000000mm,-159.250000mm,Top,0.000000
SW12,145.000000mm,-159.250000mm,Top,0.000000
SW13,111.000000mm,-111.000000mm,Top,0.000000
SW14,145.000000mm,-111.000000mm,Top,0.000000
SW15,111.000000mm,-121.000000mm,Top,0.000000
SW16,145.000000mm,-121.000000mm,Top,0.000000
SW17,128.000000mm,-109.000000mm,Top,0.000000
SW18,128.000000mm,-123.000000mm,Top,0.000000
SW19,121.000000mm,-116.000000mm,Top,90.000000
SW20,135.000000mm,-116.000000mm,Top,90.000000
SW21,128.000000mm,-116.000000mm,Top,0.000000
