# מילה בעברית(|צורות נוספות)	באנגלית	הגייה באותיות עבריות (לקול)
# משפחה ואנשים
אמא	mother	מאדר
אבא	father	פאדר
הורים	parents	פֵּרֶנטְס
אח	brother	בראדר
אחות	sister	סיסטר
בן	son	סאן
בת	daughter	דוטר
סבא	grandfather	גרנדפאדר
סבתא	grandmother	גרנדמאדר
נכד	grandson	גרנדסאן
נכדה	granddaughter	גרנדדוטר
דוד	uncle	אנקל
דודה	aunt	אנט
בן דוד|בת דודה	cousin	קאזין
בעל	husband	הזבנד
אישה	woman	וומן
אשה|רעיה	wife	וייף
גבר|איש	man	מן
ילד	boy	בוי
ילדה	girl	גירל
ילדים	children	צ'ילדרן
תינוק	baby	בייבי
משפחה	family	פמילי
חבר	friend	פרנד
שכן	neighbor	נייבור
אנשים	people	פיפל
אדם	person	פרסון
מורה	teacher	טיצ'ר
תלמיד	student	סטודנט
רופא	doctor	דוקטור
אחות רחמנייה	nurse	נרס
שוטר	police officer	פוליס אופיסר
חייל	soldier	סולג'ר
נהג	driver	דרייבר
טבח	cook	קוק
מלצר	waiter	ווייטר
מוכר	seller	סלר
קונה	buyer	באייר
עובד	worker	וורקר
בוס|מנהל	manager	מנג'ר
מהנדס	engineer	אנג'ינייר
מתכנת	programmer	פרוגרמר
עורך דין	lawyer	לוייר
שופט	judge	ג'אדג'
כבאי	firefighter	פיירפייטר
טייס	pilot	פיילוט
חקלאי	farmer	פארמר
צייר	painter	פיינטר
זמר	singer	סינגר
שחקן	actor	אקטור
סופר	writer	רייטר
מדען	scientist	סיינטיסט
רב	rabbi	רבאיי
מלך	king	קינג
מלכה	queen	קווין
נסיך	prince	פרינס
נסיכה	princess	פרינסס
תייר	tourist	טוריסט
אורח	guest	גסט
# גוף
גוף	body	בודי
ראש	head	הד
פנים	face	פייס
עין	eye	איי
עיניים	eyes	אייז
אוזן	ear	איר
אף	nose	נוז
פה	mouth	מאות'
שפתיים	lips	ליפס
שן	tooth	טות'
שיניים	teeth	טית'
לשון	tongue	טאנג
שיער	hair	הייר
צוואר	neck	נק
כתף	shoulder	שולדר
יד	hand	הנד
זרוע	arm	ארם
אצבע	finger	פינגר
ציפורן	nail	נייל
מרפק	elbow	אלבו
חזה	chest	צ'סט
בטן	stomach	סטומך
גב	back	בק
רגל	leg	לג
כף רגל	foot	פוט
ברך	knee	ני
לב	heart	הארט
מוח	brain	בריין
דם	blood	בלאד
עור	skin	סקין
עצם	bone	בון
זקן	beard	בירד
מצח	forehead	פורהד
לחי	cheek	צ'יק
סנטר	chin	צ'ין
# אוכל ושתייה
אוכל	food	פוד
לחם	bread	ברד
מים	water	ווטר
חלב	milk	מילק
גבינה	cheese	צ'יז
חמאה	butter	באטר
ביצה	egg	אג
בשר	meat	מיט
עוף	chicken	צ'יקן
דג	fish	פיש
אורז	rice	רייס
פסטה	pasta	פסטה
מרק	soup	סופ
סלט	salad	סלט
תפוח	apple	אפל
בננה	banana	בננה
תפוז	orange	אורנג'
ענבים	grapes	גרייפס
תות	strawberry	סטרובֶרי
אבטיח	watermelon	ווטרמלון
לימון	lemon	למון
אגס	pear	פֵּר
אפרסק	peach	פיץ'
דובדבן	cherry	צ'רי
אננס	pineapple	פיינאפל
מנגו	mango	מנגו
עגבנייה|עגבניה	tomato	טומייטו
מלפפון	cucumber	קיוקמבר
גזר	carrot	קרוט
תפוח אדמה	potato	פוטייטו
בצל	onion	אניון
שום	garlic	גארליק
פלפל	pepper	פפר
חסה	lettuce	לטוס
כרוב	cabbage	קאבג'
תירס	corn	קורן
פטרייה|פטריות	mushroom	מאשרום
אפונה	peas	פיז
שעועית	beans	בינז
אגוז	nut	נאט
סוכר	sugar	שוגר
מלח	salt	סולט
שמן	oil	אויל
דבש	honey	האני
ריבה	jam	ג'ם
עוגה	cake	קייק
עוגייה|עוגיה	cookie	קוקי
שוקולד	chocolate	צ'וקלט
גלידה	ice cream	אייס קרים
סוכרייה|סוכריה	candy	קנדי
קפה	coffee	קופי
תה	tea	טי
מיץ	juice	ג'וס
יין	wine	וויין
בירה	beer	ביר
ארוחת בוקר	breakfast	ברקפסט
ארוחת צהריים	lunch	לאנץ'
ארוחת ערב	dinner	דינר
ארוחה	meal	מיל
צלחת	plate	פלייט
כוס	cup	קאפ
ספל	mug	מאג
מזלג	fork	פורק
סכין	knife	נייף
כף	spoon	ספון
סיר	pot	פוט
מחבת	pan	פאן
בקבוק	bottle	בוטל
# בית
בית	house	האוס
דירה	apartment	אפרטמנט
חדר	room	רום
מטבח	kitchen	קיצ'ן
חדר שינה	bedroom	בדרום
סלון	living room	ליווינג רום
שירותים	toilet	טוילט
אמבטיה	bathroom	באת'רום
מקלחת	shower	שאוור
דלת	door	דור
חלון	window	ווינדו
קיר	wall	וול
רצפה	floor	פלור
תקרה	ceiling	סילינג
גג	roof	רוף
מדרגות	stairs	סטרז
מעלית	elevator	אלבייטור
גינה	garden	גארדן
שולחן	table	טייבל
כיסא	chair	צ'ייר
מיטה	bed	בד
ספה	sofa	סופה
ארון	closet	קלוזט
מדף	shelf	שלף
מראה	mirror	מירור
מנורה	lamp	למפ
שטיח	carpet	קרפט
וילון	curtain	קרטן
כרית	pillow	פילו
שמיכה	blanket	בלנקט
מקרר	refrigerator	רפריג'רייטור
תנור	oven	אובן
מכונת כביסה	washing machine	וושינג משין
מפתח	key	קי
מנעול	lock	לוק
טלוויזיה	television	טלוויז'ן
מחשב	computer	קומפיוטר
טלפון	phone	פון
מטען	charger	צ'ארג'ר
סוללה	battery	בטרי
שעון	clock	קלוק
שעון יד	watch	ווץ'
מצלמה	camera	קמרה
רדיו	radio	רדיו
מאוורר	fan	פאן
מזגן	air conditioner	אייר קונדישנר
# בגדים
בגדים	clothes	קלות'ז
חולצה	shirt	שירט
מכנסיים	pants	פנטס
מכנסיים קצרים	shorts	שורטס
חצאית	skirt	סקירט
שמלה	dress	דרס
מעיל	coat	קוט
ז'קט	jacket	ג'קט
סוודר	sweater	סווטר
נעליים	shoes	שוז
נעל	shoe	שו
גרביים	socks	סוקס
כובע	hat	הט
כפפות	gloves	גלאבז
צעיף	scarf	סקארף
חגורה	belt	בלט
עניבה	tie	טאיי
משקפיים	glasses	גלאסז
תיק	bag	בג
ארנק	wallet	וולט
מטרייה|מטריה	umbrella	אמברלה
טבעת	ring	רינג
שרשרת	necklace	נקלס
פיג'מה	pajamas	פג'אמס
כיס	pocket	פוקט
כפתור	button	באטן
# טבע
טבע	nature	נייצ'ר
שמש	sun	סאן
ירח	moon	מון
כוכב	star	סטאר
שמיים	sky	סקאיי
ענן	cloud	קלאוד
גשם	rain	ריין
שלג	snow	סנו
רוח	wind	ווינד
סערה	storm	סטורם
ברק	lightning	לייטנינג
רעם	thunder	ת'אנדר
קשת	rainbow	ריינבו
אוויר	air	אייר
אש	fire	פאייר
אדמה	ground	גראונד
עפר	soil	סויל
אבן	stone	סטון
סלע	rock	רוק
חול	sand	סנד
הר	mountain	מאונטן
גבעה	hill	היל
עמק	valley	וואלי
מדבר	desert	דזרט
יער	forest	פורסט
עץ	tree	טרי
פרח	flower	פלאוור
עלה	leaf	ליף
עשב|דשא	grass	גראס
שורש	root	רוט
ענף	branch	בראנץ'
זרע	seed	סיד
ים	sea	סי
אוקיינוס	ocean	אושן
נהר	river	ריבר
אגם	lake	לייק
חוף	beach	ביץ'
גל	wave	וייב
אי	island	איילנד
מערה	cave	קייב
הר געש	volcano	וולקיינו
קרח	ice	אייס
עולם	world	וורלד
ארץ	land	לנד
כדור הארץ	earth	ארת'
# חיות
חיה	animal	אנימל
כלב	dog	דוג
חתול	cat	קט
סוס	horse	הורס
פרה	cow	קאו
כבשה	sheep	שיפ
עז	goat	גוט
חזיר	pig	פיג
תרנגולת	hen	הן
תרנגול	rooster	רוסטר
ברווז	duck	דאק
ציפור	bird	בירד
יונה	dove	דאב
אריה	lion	לאיון
נמר	tiger	טייגר
פיל	elephant	אלפנט
קוף	monkey	מאנקי
דוב	bear	בר
זאב	wolf	וולף
שועל	fox	פוקס
ארנב	rabbit	רביט
עכבר	mouse	מאוס
נחש	snake	סנייק
צפרדע	frog	פרוג
צב	turtle	טרטל
תנין	crocodile	קרוקודייל
ג'ירפה	giraffe	ג'ירף
זברה	zebra	זברה
גמל	camel	קמל
דולפין	dolphin	דולפין
לווייתן	whale	וייל
כריש	shark	שארק
דבורה	bee	בי
נמלה	ant	אנט
פרפר	butterfly	באטרפליי
זבוב	fly	פלאיי
יתוש	mosquito	מוסקיטו
עכביש	spider	ספיידר
חרק	insect	אינסקט
תולעת	worm	וורם
ינשוף	owl	אאול
נשר	eagle	איגל
פינגווין	penguin	פנגווין
תוכי	parrot	פארוט
צבי	deer	דיר
קנגורו	kangaroo	קנגרו
סנאי	squirrel	סקווירל
חמור	donkey	דונקי
# צבעים
צבע	color	קאלר
אדום	red	רד
כחול	blue	בלו
צהוב	yellow	יֶלו
ירוק	green	גרין
כתום	orange	אורנג'
סגול	purple	פרפל
ורוד	pink	פינק
חום	brown	בראון
שחור	black	בלאק
לבן	white	וואייט
אפור	gray	גריי
זהב	gold	גולד
כסף	silver	סילבר
תכלת	light blue	לייט בלו
# זמן
זמן	time	טאיים
שנייה	second	סקנד
דקה	minute	מינט
שעה	hour	אאור
יום	day	דיי
לילה	night	נאייט
בוקר	morning	מורנינג
צהריים	noon	נון
אחר הצהריים	afternoon	אפטרנון
ערב	evening	איבנינג
שבוע	week	וויק
חודש	month	מאנת'
שנה	year	ייר
מאה	hundred	האנדרד
היום	today	טודיי
מחר	tomorrow	טומורו
אתמול	yesterday	יסטרדיי
עכשיו	now	נאו
אחר כך	later	לייטר
תמיד	always	אולווייז
לפעמים	sometimes	סאמטיימז
אף פעם	never	נבר
לעתים קרובות	often	אופן
מוקדם	early	ארלי
מאוחר	late	לייט
יום ראשון	sunday	סאנדיי
יום שני	monday	מאנדיי
יום שלישי	tuesday	טיוזדיי
יום רביעי	wednesday	וונזדיי
יום חמישי	thursday	ת'רזדיי
יום שישי	friday	פריידיי
שבת	saturday	סטרדיי
סוף שבוע	weekend	וויקנד
ינואר	january	ג'נוארי
פברואר	february	פברוארי
מרץ	march	מארץ'
אפריל	april	אפריל
מאי	may	מיי
יוני	june	ג'ון
יולי	july	ג'ולאיי
אוגוסט	august	אוגוסט
ספטמבר	september	ספטמבר
אוקטובר	october	אוקטובר
נובמבר	november	נובמבר
דצמבר	december	דיסמבר
אביב	spring	ספרינג
קיץ	summer	סאמר
סתיו	autumn	אוטם
חורף	winter	ווינטר
יום הולדת	birthday	בירת'דיי
חג	holiday	הולידיי
# מספרים
אפס	zero	זירו
אחד|אחת	one	וואן
שתיים|שניים	two	טו
שלוש|שלושה	three	ת'רי
ארבע|ארבעה	four	פור
חמש|חמישה	five	פייב
שש|שישה	six	סיקס
שבע|שבעה	seven	סבן
שמונה	eight	אייט
תשע|תשעה	nine	נאיין
עשר|עשרה	ten	טן
אחת עשרה|אחד עשר	eleven	אילבן
שתים עשרה|שנים עשר	twelve	טוועלב
עשרים	twenty	טוונטי
שלושים	thirty	ת'רטי
ארבעים	forty	פורטי
חמישים	fifty	פיפטי
שישים	sixty	סיקסטי
שבעים	seventy	סבנטי
שמונים	eighty	אייטי
תשעים	ninety	נאיינטי
אלף	thousand	ת'אוזנד
מיליון	million	מיליון
ראשון	first	פירסט
שני	second	סקנד
שלישי	third	ת'ירד
חצי	half	האף
רבע	quarter	קוורטר
# עיר ומקומות
עיר	city	סיטי
כפר	village	וילג'
מדינה	country	קאנטרי
רחוב	street	סטריט
כביש	road	רוד
שכונה	neighborhood	נייבורהוד
כתובת	address	אדרס
בית ספר	school	סקול
גן ילדים	kindergarten	קינדרגרטן
אוניברסיטה	university	יוניברסיטי
בית חולים	hospital	הוספיטל
מרפאה	clinic	קליניק
בית מרקחת	pharmacy	פרמסי
חנות	store	סטור
סופרמרקט	supermarket	סופרמרקט
שוק	market	מרקט
קניון	mall	מול
מסעדה	restaurant	רסטורנט
בית קפה	cafe	קפה
מאפייה	bakery	בייקרי
בנק	bank	בנק
דואר	post office	פוסט אופיס
משרד	office	אופיס
בית כנסת	synagogue	סינגוג
ספרייה	library	לייברי
מוזיאון	museum	מיוזיאם
פארק	park	פארק
גן חיות	zoo	זו
בריכה	pool	פול
תחנה	station	סטיישן
תחנת רכבת	train station	טריין סטיישן
שדה תעופה	airport	אירפורט
נמל	port	פורט
גשר	bridge	בריג'
מגדל	tower	טאוור
מלון	hotel	הוטל
בית משפט	court	קורט
תחנת משטרה	police station	פוליס סטיישן
חנייה	parking	פארקינג
כיכר	square	סקוור
רמזור	traffic light	טרפיק לייט
מדרכה	sidewalk	סיידווק
בניין	building	בילדינג
מפעל	factory	פקטורי
חווה	farm	פארם
# תחבורה
מכונית|אוטו	car	קאר
אוטובוס	bus	באס
רכבת	train	טריין
מטוס	airplane	אירפליין
אונייה|ספינה	ship	שיפ
סירה	boat	בוט
אופניים	bicycle	בייסיקל
אופנוע	motorcycle	מוטורסייקל
משאית	truck	טראק
מונית	taxi	טקסי
אמבולנס	ambulance	אמבולנס
מסוק	helicopter	הליקופטר
רכבת תחתית	subway	סאבווי
גלגל	wheel	וויל
דלק	fuel	פיוּאל
כרטיס	ticket	טיקט
נסיעה	trip	טריפ
טיסה	flight	פלייט
מזוודה	suitcase	סוטקייס
דרכון	passport	פספורט
מפה	map	מאפ
# לימודים ועבודה
ספר	book	בוק
מחברת	notebook	נוטבוק
עט	pen	פן
עיפרון	pencil	פנסיל
מחק	eraser	אירייסר
סרגל	ruler	רולר
נייר	paper	פייפר
דף	page	פייג'
מכתב	letter	לטר
מילה	word	וורד
משפט	sentence	סנטנס
שפה	language	לנגווג'
אנגלית	english	אינגליש
עברית	hebrew	היברו
ערבית	arabic	ארביק
צרפתית	french	פרנץ'
שיעור	lesson	לסן
כיתה	class	קלאס
מבחן	test	טסט
ציון	grade	גרייד
שיעורי בית	homework	הומוורק
שאלה	question	קווסצ'ן
תשובה	answer	אנסר
סיפור	story	סטורי
שיר	song	סונג
מוזיקה	music	מיוזיק
תמונה	picture	פיקצ'ר
סרט	movie	מובי
משחק	game	גיים
עבודה	work	וורק
כסף	money	מאני
מחיר	price	פרייס
משכורת	salary	סלרי
חשבון	bill	ביל
פגישה	meeting	מיטינג
חדשות	news	ניוז
עיתון	newspaper	ניוזפייפר
מתמטיקה	math	מאת'
מדע	science	סיינס
היסטוריה	history	היסטורי
ספורט	sport	ספורט
כדורגל	soccer	סוקר
כדורסל	basketball	בסקטבול
כדור	ball	בול
ריצה	running	ראנינג
שחייה	swimming	סווימינג
# מחשבים וטכנולוגיה
אינטרנט	internet	אינטרנט
אתר	website	וובסייט
מקלדת	keyboard	קיבורד
מסך	screen	סקרין
עכבר מחשב	mouse	מאוס
קובץ	file	פייל
תיקייה	folder	פולדר
סיסמה	password	פסוורד
הודעה	message	מסג'
דואר אלקטרוני|אימייל	email	אימייל
אפליקציה	app	אפ
תוכנה	software	סופטוור
רשת	network	נטוורק
אות	signal	סיגנל
מקש	key	קי
חשמל	electricity	אלקטריסיטי
מנוע	engine	אנג'ין
מכונה	machine	משין
רובוט	robot	רובוט
# רגשות ותכונות
שמח	happy	הפי
עצוב	sad	סאד
כועס	angry	אנגרי
מפחד|פוחד	afraid	אפרייד
עייף	tired	טאיירד
רעב	hungry	האנגרי
צמא	thirsty	ת'רסטי
חולה	sick	סיק
בריא	healthy	הלת'י
משועמם	bored	בורד
מופתע	surprised	סרפרייזד
גאה	proud	פראוד
מתבייש	ashamed	אשיימד
לחוץ	stressed	סטרסט
רגוע	calm	קאלם
מאוהב	in love	אין לאב
בודד	lonely	לונלי
עסוק	busy	ביזי
פנוי	free	פרי
אהבה	love	לאב
שנאה	hate	הייט
פחד	fear	פיר
שמחה	joy	ג'וי
תקווה	hope	הופ
חלום	dream	דרים
רעיון	idea	איידיאה
זיכרון	memory	ממורי
טוב	good	גוד
רע	bad	באד
גדול	big	ביג
קטן	small	סמול
חדש	new	ניו
ישן	old	אולד
צעיר	young	יאנג
יפה	beautiful	ביוטיפול
מכוער	ugly	אגלי
חזק	strong	סטרונג
חלש	weak	וויק
חם	hot	הוט
קר	cold	קולד
חמים	warm	וורם
ארוך	long	לונג
קצר	short	שורט
גבוה	tall	טול
נמוך	low	לו
מהיר	fast	פאסט
איטי	slow	סלואו
קל	easy	איזי
קשה	hard	הארד
כבד	heavy	הבי
רך	soft	סופט
נקי	clean	קלין
מלוכלך	dirty	דירטי
עשיר	rich	ריץ'
עני	poor	פור
חכם	smart	סמארט
טיפש	stupid	סטיופיד
מצחיק	funny	פאני
משעמם	boring	בורינג
מעניין	interesting	אינטרסטינג
מסוכן	dangerous	דיינג'רס
בטוח	safe	סייף
שקט	quiet	קוואייט
רועש	loud	לאוד
מלא	full	פול
ריק	empty	אמפטי
פתוח	open	אופן
סגור	closed	קלוזד
נכון	correct	קורקט
טעות	mistake	מיסטייק
אמת	truth	טרות'
שקר	lie	לאיי
חשוב	important	אימפורטנט
אפשרי	possible	פוסיבל
בלתי אפשרי	impossible	אימפוסיבל
מוכן	ready	רדי
שבור	broken	ברוקן
יקר	expensive	אקספנסיב
זול	cheap	צ'יפ
מתוק	sweet	סוויט
מר	bitter	ביטר
חמוץ	sour	סאוור
מלוח	salty	סולטי
חריף	spicy	ספייסי
טעים	tasty	טייסטי
נחמד	nice	נייס
אדיב	kind	קיינד
אמיץ	brave	בראייב
ביישן	shy	שאיי
עצלן	lazy	לייזי
סבלני	patient	פיישנט
נאמן	loyal	לויאל
מפורסם	famous	פיימס
מיוחד	special	ספשל
רגיל	regular	רגולר
שונה	different	דיפרנט
אותו דבר	same	סיים
# פעלים
ללכת|הולך	to walk	טו ווק
לרוץ|רץ	to run	טו ראן
לקפוץ	to jump	טו ג'אמפ
לשחות	to swim	טו סווים
לטוס	to fly	טו פלאיי
לנסוע	to drive	טו דרייב
לשבת	to sit	טו סיט
לעמוד	to stand	טו סטנד
לשכב	to lie down	טו לאיי דאון
לישון|ישן	to sleep	טו סליפ
להתעורר	to wake up	טו וייק אפ
לקום	to get up	טו גט אפ
לאכול|אוכל	to eat	טו איט
לשתות	to drink	טו דרינק
לבשל	to cook	טו קוק
לאפות	to bake	טו בייק
לדבר|מדבר	to speak	טו ספיק
להגיד|לומר	to say	טו סיי
לספר	to tell	טו טל
לשאול	to ask	טו אסק
לענות	to answer	טו אנסר
לצעוק	to shout	טו שאוט
ללחוש	to whisper	טו ווספר
לשמוע	to hear	טו היר
להקשיב	to listen	טו ליסן
לראות|רואה	to see	טו סי
להסתכל	to look	טו לוק
לצפות	to watch	טו ווץ'
לקרוא	to read	טו ריד
לכתוב	to write	טו רייט
לצייר	to draw	טו דרו
לצבוע	to paint	טו פיינט
לשיר	to sing	טו סינג
לרקוד	to dance	טו דאנס
לנגן	to play music	טו פליי מיוזיק
לשחק	to play	טו פליי
ללמוד	to learn	טו לרן
ללמד	to teach	טו טיץ'
לחשוב	to think	טו ת'ינק
לדעת	to know	טו נו
להבין	to understand	טו אנדרסטנד
לזכור	to remember	טו רימֶמבר
לשכוח	to forget	טו פורגט
לאהוב|אוהב	to love	טו לאב
לשנוא	to hate	טו הייט
לרצות|רוצה	to want	טו וונט
לצטרך|צריך	to need	טו ניד
לאהוב משהו|לחבב	to like	טו לייק
להרגיש	to feel	טו פיל
לצחוק	to laugh	טו לאף
לבכות	to cry	טו קראיי
לחייך	to smile	טו סמייל
לעבוד|עובד	to work	טו וורק
לנוח	to rest	טו רסט
לעזור	to help	טו הלפ
לתת	to give	טו גיב
לקחת	to take	טו טייק
לקנות	to buy	טו באיי
למכור	to sell	טו סל
לשלם	to pay	טו פיי
לפתוח	to open	טו אופן
לסגור	to close	טו קלוז
להתחיל	to start	טו סטארט
לסיים	to finish	טו פיניש
לעצור	to stop	טו סטופ
לחכות	to wait	טו וייט
לבוא	to come	טו קאם
לצאת	to go out	טו גו אאוט
להיכנס	to enter	טו אנטר
לחזור	to return	טו ריטרן
להגיע	to arrive	טו אראייב
לעזוב	to leave	טו ליב
לגור	to live	טו ליב
לחיות	to live	טו ליב
למות	to die	טו דאיי
להיוולד	to be born	טו בי בורן
לגדול	to grow	טו גרו
לבנות	to build	טו בילד
לשבור	to break	טו בריק
לתקן	to fix	טו פיקס
לנקות	to clean	טו קלין
לכבס	to wash	טו ווש
להתקלח	to shower	טו שאוור
להתלבש	to get dressed	טו גט דרסט
ללבוש	to wear	טו וור
לחפש	to search	טו סרץ'
למצוא	to find	טו פיינד
לאבד	to lose	טו לוז
לנצח	to win	טו ווין
להפסיד	to lose	טו לוז
לנסות	to try	טו טראיי
להצליח	to succeed	טו סאקסיד
להיכשל	to fail	טו פייל
לבחור	to choose	טו צ'וז
להחליט	to decide	טו דיסייד
להבטיח	to promise	טו פרומיס
להאמין	to believe	טו ביליב
לקוות	to hope	טו הופ
לפחד	to be afraid	טו בי אפרייד
להתפלל	to pray	טו פריי
לברך	to bless	טו בלס
לחגוג	to celebrate	טו סלברייט
להזמין	to invite	טו אינווייט
לבקר	to visit	טו ויזיט
לטייל	to travel	טו טרוול
לשלוח	to send	טו סנד
לקבל	to receive	טו ריסיב
להתקשר	to call	טו קול
לחייג	to dial	טו דאייל
לצלם	to photograph	טו פוטוגרף
להדליק	to turn on	טו טרן און
לכבות	to turn off	טו טרן אוף
לדחוף	to push	טו פוש
למשוך	to pull	טו פול
לזרוק	to throw	טו ת'רו
לתפוס	to catch	טו קץ'
להרים	to lift	טו ליפט
לשים	to put	טו פוט
להחזיק	to hold	טו הולד
לגעת	to touch	טו טאץ'
לחתוך	to cut	טו קאט
לספור	to count	טו קאונט
לחשב	to calculate	טו קלקיולייט
למדוד	to measure	טו מז'ר
להשוות	to compare	טו קומפר
להסביר	to explain	טו אקספליין
לתרגם	to translate	טו טרנסלייט
להתאמן	to practice	טו פרקטיס
לנשום	to breathe	טו בריד'
לנשק	to kiss	טו קיס
לחבק	to hug	טו האג
לסלוח	to forgive	טו פורגיב
להתנצל	to apologize	טו אפולוג'ייז
להודות	to thank	טו ת'נק
לשמור	to keep	טו קיפ
לשנות	to change	טו צ'ינג'
להשתמש	to use	טו יוז
להראות	to show	טו שו
להתחתן	to marry	טו מרי
להתגעגע	to miss	טו מיס
לפגוש	to meet	טו מיט
לעשות|עושה	to do	טו דו
להכין	to make	טו מייק
להיות	to be	טו בי
יש	there is	דר איז
אין	there is not	דר איז נוט
# מילים שימושיות
כן	yes	יס
לא	no	נו
אולי	maybe	מייבי
בבקשה	please	פליז
תודה	thank you	ת'נק יו
תודה רבה	thank you very much	ת'נק יו ורי מאץ'
סליחה	sorry	סורי
שלום	hello	הלו
להתראות	goodbye	גודבאיי
בוקר טוב	good morning	גוד מורנינג
ערב טוב	good evening	גוד איבנינג
לילה טוב	good night	גוד נאייט
ברוך הבא|ברוכים הבאים	welcome	וולקאם
מזל טוב	congratulations	קונגרצ'ולייישנס
בהצלחה	good luck	גוד לאק
בתיאבון	enjoy your meal	אנג'וי יור מיל
מה שלומך	how are you	האו אר יו
אני	i	איי
אתה|את	you	יו
הוא	he	הי
היא	she	שי
אנחנו	we	וי
הם|הן	they	דיי
שלי	mine	מאיין
שלך	yours	יורז
מה	what	ווט
מי	who	הו
איפה	where	וור
מתי	when	וון
למה	why	וואיי
איך	how	האו
כמה	how many	האו מני
איזה	which	וויץ'
כאן|פה	here	היר
שם	there	דר
הכל	everything	אבריתינג
כלום	nothing	נאת'ינג
משהו	something	סאמת'ינג
כולם	everyone	אבריוואן
אף אחד	nobody	נובאדי
הרבה	a lot	א לוט
קצת	a little	א ליטל
מאוד	very	ורי
גם	also	אולסו
רק	only	אונלי
עוד	more	מור
פחות	less	לס
עם	with	וויד'
בלי	without	וויד'אאוט
ו	and	אנד
או	or	אור
אבל	but	באט
כי	because	ביקוז
אם	if	איף
אז	so	סו
לפני	before	ביפור
אחרי	after	אפטר
ליד	near	ניר
רחוק	far	פאר
למעלה	up	אפ
למטה	down	דאון
ימינה|ימין	right	רייט
שמאלה|שמאל	left	לפט
קדימה	forward	פורוורד
אחורה	back	בק
בפנים	inside	אינסייד
בחוץ	outside	אאוטסייד
על	on	און
מתחת	under	אנדר
בין	between	ביטווין
יחד	together	טוגד'ר
לבד	alone	אלון
כבר	already	אולרדי
עדיין	still	סטיל
שוב	again	אגיין
אולי כן	perhaps	פרהפס
בסדר	okay	אוקיי
בטח	sure	שור
מעולה	excellent	אקסלנט
נהדר	great	גרייט
עזרה	help	הלפ
זהירות	caution	קושן
סכנה	danger	דיינג'ר
שקט	silence	סיילנס
# עוד שמות עצם
אלוהים	god	גוד
תפילה	prayer	פרייר
תורה	torah	טורה
חגיגה	celebration	סלברייישן
מתנה	gift	גיפט
מסיבה	party	פארטי
חתונה	wedding	ודינג
נר	candle	קנדל
פרס	prize	פרייז
חיים	life	לייף
מוות	death	דת'
שלום עולמי|שלום בעולם	world peace	וורלד פיס
מלחמה	war	וור
צבא	army	ארמי
ממשלה	government	גאברנמנט
חוק	law	לו
משטרה	police	פוליס
בעיה	problem	פרובלם
פתרון	solution	סולושן
סוד	secret	סיקרט
שם	name	ניים
גיל	age	אייג'
מספר	number	נאמבר
צורה	shape	שייפ
עיגול	circle	סירקל
ריבוע	square	סקוור
משולש	triangle	טראיאנגל
קו	line	ליין
נקודה	point	פוינט
צד	side	סייד
חלק	part	פארט
סוף	end	אנד
התחלה	beginning	ביגינינג
אמצע	middle	מידל
דרך	way	וויי
מקום	place	פלייס
כיוון	direction	דיירקשן
גובה	height	הייט
משקל	weight	וייט
אורך	length	לנגת'
מהירות	speed	ספיד
כוח	power	פאוור
אנרגיה	energy	אנרג'י
קול	voice	ווייס
רעש	noise	נויז
ריח	smell	סמל
טעם	taste	טייסט
צבעוני	colorful	קאלרפול
חום גוף	temperature	טמפרצ'ר
מזג אוויר	weather	וד'ר
עונה	season	סיזן
חופשה	vacation	וקיישן
טיול	trip	טריפ
תור	line	ליין
כסא גלגלים	wheelchair	ווילצ'ייר
תרופה	medicine	מדיסן
כאב	pain	פיין
מחלה	disease	דיזיז
בריאות	health	הלת'
כלב שמירה	guard dog	גארד דוג
שמירה	guard	גארד
קופסה	box	בוקס
שקית	bag	בג
חבל	rope	רופ
מסמר	nail	נייל
פטיש	hammer	המר
מברג	screwdriver	סקרודרייבר
מספריים	scissors	סיזרז
דבק	glue	גלו
סבון	soap	סופ
מגבת	towel	טאוול
מברשת שיניים	toothbrush	טות'בראש
משחת שיניים	toothpaste	טות'פייסט
מסרק	comb	קום
צעצוע	toy	טוי
בובה	doll	דול
אופנה	fashion	פשן
אומנות	art	ארט
ציור	painting	פיינטינג
פסל	statue	סטאצ'ו
תיאטרון	theater	ת'יאטר
קונצרט	concert	קונסרט
פסנתר	piano	פיאנו
גיטרה	guitar	גיטאר
תוף	drum	דראם
כינור	violin	ויולין
חליל	flute	פלוט
מדליה	medal	מדל
קבוצה	team	טים
שחקן כדורגל	football player	פוטבול פלייר
מאמן	coach	קוץ'
ניצחון	victory	ויקטורי
# עוד מילים
אגודל	thumb	ת'אמב
ירך	thigh	ת'אי
קרסול	ankle	אנקל
כף יד	palm	פאלם
ריאות	lungs	לאנגז
כבד	liver	ליבר
קיבה	stomach	סטומך
שריר	muscle	מאסל
דמעה	tear	טיר
זיעה	sweat	סווט
נשימה	breath	ברת'
שינה	sleep	סליפ
חלומות	dreams	דרימז
מעדר	hoe	הו
מגרפה	rake	רייק
דלי	bucket	באקט
סולם	ladder	לאדר
גדר	fence	פנס
שער	gate	גייט
חצר	yard	יארד
מרפסת	balcony	בלקוני
מחסן	storage room	סטורג' רום
מרתף	basement	בייסמנט
עליית גג	attic	אטיק
ארובה	chimney	צ'ימני
אח בוער	fireplace	פיירפלייס
פח	trash can	טראש קאן
זבל	garbage	גארבג'
צנצנת	jar	ג'אר
קערה	bowl	בול
מגש	tray	טריי
קומקום	kettle	קטל
טוסטר	toaster	טוסטר
מיקרוגל	microwave	מייקרווייב
כיור	sink	סינק
ברז	faucet	פוסט
מגבון	wipe	וואייפ
ספוג	sponge	ספאנג'
מטאטא	broom	ברום
שואב אבק	vacuum cleaner	וואקיום קלינר
מגהץ	iron	איירן
תנור חימום	heater	היטר
פעמון	bell	בל
שלט	sign	סיין
שלט רחוק	remote control	רימוט קונטרול
אוזניות	headphones	הדפונז
רמקול	speaker	ספיקר
מיקרופון	microphone	מייקרופון
כבל	cable	קייבל
נורה	light bulb	לייט באלב
תקע	plug	פלאג
שקע	socket	סוקט
מדפסת	printer	פרינטר
טאבלט	tablet	טאבלט
מחשב נייד	laptop	לפטופ
תמונה דיגיטלית	digital photo	דיג'יטל פוטו
סרטון	video	וידאו
הקלטה	recording	ריקורדינג
לוח	board	בורד
גיר	chalk	צ'וק
תרמיל	backpack	בקפאק
קלמר	pencil case	פנסיל קייס
מילון	dictionary	דיקשנרי
אנציקלופדיה	encyclopedia	אנסייקלופידיה
מפת עולם	world map	וורלד מאפ
גלובוס	globe	גלוב
מספרה	barber shop	בארבר שופ
ספר תורה	torah scroll	טורה סקרול
מזוזה	mezuzah	מזוזה
כיפה	kippah	כיפה
טלית	prayer shawl	פרייר שול
מנורת חנוכה|חנוכייה	menorah	מנורה
סוכה	sukkah	סוכה
שופר	shofar	שופר
מגילה	scroll	סקרול
ארוחת חג	holiday meal	הולידיי מיל
פרי	fruit	פרוט
ירק|ירקות	vegetable	וג'טבל
קמח	flour	פלאואר
שמרים	yeast	יסט
קינוח	dessert	דזרט
חטיף	snack	סנאק
כריך	sandwich	סנדוויץ'
פיצה	pizza	פיצה
המבורגר	hamburger	המבורגר
נקניקייה	hot dog	הוט דוג
צ'יפס	french fries	פרנץ' פרייז
קטשופ	ketchup	קצ'אפ
חרדל	mustard	מאסטרד
רוטב	sauce	סוס
תבלין	spice	ספייס
פלפל שחור	black pepper	בלאק פפר
קינמון	cinnamon	סינמון
וניל	vanilla	ונילה
זיתים	olives	אוליבז
תמר|תמרים	dates	דייטס
תאנה	fig	פיג
רימון	pomegranate	פומגרנט
שזיף	plum	פלאם
אבוקדו	avocado	אבוקדו
קוקוס	coconut	קוקונאט
בוטן|בוטנים	peanut	פינאט
שקד|שקדים	almond	אלמונד
גרעין	seed	סיד
דייסה	porridge	פורג'
דגני בוקר	cereal	סיריאל
פנקייק	pancake	פנקייק
ביסקוויט	biscuit	ביסקיט
מאפה	pastry	פייסטרי
קרם	cream	קרים
יוגורט	yogurt	יוגורט
שמנת	cream	קרים
משקה	drink	דרינק
סודה	soda	סודה
קרח	ice	אייס
ענק	giant	ג'איינט
גמד	dwarf	דוורף
מפלצת	monster	מונסטר
רוח רפאים	ghost	גוסט
מלאך	angel	איינג'ל
גיבור	hero	הירו
גנב	thief	ת'יף
שודד	robber	רובר
חוקר	researcher	ריסרצ'ר
מלח ספן	sailor	סיילור
דייג	fisherman	פישרמן
צייד	hunter	האנטר
רועה	shepherd	שפרד
נגר	carpenter	קרפנטר
חשמלאי	electrician	אלקטרישן
שרברב	plumber	פלאמר
ספר	barber	בארבר
סטודנט	college student	קולג' סטודנט
מנהיג	leader	לידר
נשיא	president	פרזידנט
ראש ממשלה	prime minister	פריים מיניסטר
שגריר	ambassador	אמבסדור
שכנה	neighbor	נייבור
תינוקת	baby girl	בייבי גירל
נער	teenager	טינאייג'ר
זקן	old man	אולד מן
זוג	couple	קאפל
תאומים	twins	טווינז
יתום	orphan	אורפן
אלמנה	widow	וידו
מבקר	visitor	ויזיטור
לקוח	customer	קסטומר
אזרח	citizen	סיטיזן
עם	nation	ניישן
קהל	audience	אודיינס
המון	crowd	קראוד
חברה	company	קאמפני
עסק	business	ביזנס
מוצר	product	פרודקט
שירות	service	סרוויס
הנחה	discount	דיסקאונט
קבלה	receipt	ריסיט
מטבע	coin	קוין
שטר	bill	ביל
כרטיס אשראי	credit card	קרדיט קארד
חשבון בנק	bank account	בנק אקאונט
הלוואה	loan	לון
חיסכון	savings	סייבינגז
מס	tax	טקס
תקציב	budget	באג'ט
רשימה	list	ליסט
תוכנית	plan	פלאן
מטרה	goal	גול
חובה	duty	דיוטי
הזדמנות	opportunity	אופורטוניטי
החלטה	decision	דיסיז'ן
בחירה	choice	צ'ויס
סיבה	reason	ריזן
תוצאה	result	ריזאלט
דוגמה	example	אקזמפל
הבדל	difference	דיפרנס
שינוי	change	צ'יינג'
מצב	situation	סיטואיישן
סכנה גדולה	great danger	גרייט דיינג'ר
תאונה	accident	אקסידנט
שריפה	fire	פאייר
רעידת אדמה	earthquake	ארת'קוויק
שיטפון	flood	פלאד
בצורת	drought	דראוט
אקלים	climate	קליימט
טמפרטורה	temperature	טמפרצ'ר
מעלה	degree	דיגרי
ערפל	fog	פוג
טל	dew	דיו
ברד	hail	הייל
לחות	humidity	היומידיטי
זריחה	sunrise	סאנראייז
שקיעה	sunset	סאנסט
צל	shadow	שאדו
חלל	space	ספייס
כוכב לכת	planet	פלאנט
גלקסיה	galaxy	גלקסי
חללית	spaceship	ספייסשיפ
אסטרונאוט	astronaut	אסטרונוט
טלסקופ	telescope	טלסקופ
מיקרוסקופ	microscope	מייקרוסקופ
מעבדה	laboratory	לבורטורי
ניסוי	experiment	אקספרימנט
תגלית	discovery	דיסקברי
המצאה	invention	אינבנשן
טכנולוגיה	technology	טכנולוג'י
מדע בדיוני	science fiction	סיינס פיקשן
אגדה	legend	לג'נד
אגדת ילדים	fairy tale	פרי טייל
שיר ערש	lullaby	לאלאבאיי
שירה	poetry	פואטרי
רומן	novel	נובל
עיתונאי	journalist	ג'ורנליסט
כתבה	article	ארטיקל
כותרת	headline	הדליין
פרק	chapter	צ'אפטר
עמוד	page	פייג'
כריכה	cover	קאבר
אות אלפבית	letter	לטר
אלפבית	alphabet	אלפבט
דקדוק	grammar	גרמר
הגייה	pronunciation	פרונאנסיאיישן
מבטא	accent	אקסנט
תרגום	translation	טרנסלייישן
מתורגמן	interpreter	אינטרפרטר
שיחה	conversation	קונברסיישן
ויכוח	argument	ארגיומנט
הסכם	agreement	אגרימנט
הבטחה	promise	פרומיס
הזמנה	invitation	אינוויטיישן
ברכה	blessing	בלסינג
איחולים	wishes	וישז
