דגם,קריטריון,משקל,ספק 1,ספק 2,ספק 3,ספק 4,ספק 5,הערות
,שם הספק / אתר,,,,,,,
,"מאומת (Verified) / שנות ניסיון",,,,,,,
,דגם שהוצע (Mini / Regular / Pro),,,,,,,
,SoC שהוצע,,,,,,,
,RAM / אחסון,,,,,,,
,פאנל מסך (מדף / הזמנה אישית + ספק),,,,,,,
,NRE כולל ($),חובה,,,,,,
,"  מתוכו: תבניות + מסך בהזמנה אישית ($)",,,,,,,
,"מחיר ליחידה ב-3,000/5,000 ($)",חובה,,,,,,
,"מחיר ליחידה ב-10,000 ($)",,,,,,,
,מחיר ליחידה ב-₪ (×3.7),,,,,,,
,עומד בתקציב? (Mini ₪250 / Regular ₪350 / Pro ₪550),חובה,,,,,,
,MOQ מכשיר / MOQ פאנל,,,,,,,
,לו״ז עד MP (חודשים),,,,,,,
,דוגמאות EVT/DVT כלולות,,,,,,,
,Root + bootloader פתוח,פוסל אם לא,,,,,,
,קוד קרנל + device tree + BSP,פוסל אם לא,,,,,,
,הסרת כל אפליקציות היצרן,,,,,,,
,מגנטומטר מכויל (TYPE_MAGNETIC_FIELD),,,,,,,
,ברומטר (Regular/Pro),,,,,,,
,ניסיון VoLTE מול מפעילים בישראל,חובה,,,,,,
,תמיכה בהסמכות (משרד התקשורת / SAR / CE),,,,,,,
,OTA ועדכוני אבטחה,,,,,,,
,אחריות / DOA,,,,,,,
,תנאי תשלום,,,,,,,
,מכשירים דומים שייצרו (רפרנסים),,,,,,,
,פלטפורמה קיימת לשימוש חוזר?,,,,,,,
,ציון כולל (1-10),,,,,,,
